{"m":4,"n":1,"patrones":10,"x":[[0.0,0.0,0.0,0.0],[1.0,1.0,1.0,1.0],[1.0,1.0,1.0,0.0],[0.0,0.0,0.0,1.0],[0.0,1.0,1.0,0.0],[0.0,1.0,1.0,1.0],[0.0,0.0,1.0,0.0],[0.0,0.0,1.0,1.0],[1.0,0.0,1.0,0.0],[1.0,0.0,1.0,1.0]],"yd":[[0.0],[1.0],[1.0],[0.0],[1.0],[1.0],[0.0],[0.0],[1.0],[1.0]],"u":[-0.13304514683129587],"w":[[0.142781100431853],[0.10343890430313128],[-0.0011492222646230926],[-0.056585140470958]],"numeroIteraciones":500,"errorMaximoPermitido":0.0,"tasaAprendizaje":0.05,"estado":false,"funcionActivacion":"escalon"}
