{"m":2,"n":1,"patrones":4,"d":[[0.9733114578802601,0.791180567730732,0.9341934769708443],[0.2682588736796874,0.5586343753174745,1.0316375696618727],[1.5713616264363894,0.8626584521390942,0.43392515130507503],[1.2624598965130385,0.6559613400030824,0.6163194461138737]],"x":[[1.0,1.0],[1.0,0.0],[0.0,1.0],[0.0,0.0]],"yd":[[1.0],[0.0],[0.0],[0.0]],"yr":[[1.0000000000000002],[5.551115123125783E-17],[4.440892098500626E-16],[-2.220446049250313E-16]],"r":[[1.2609210834979088,0.0623138146334487],[0.5591064571461473,0.3430528372658108],[0.15778679226012837,0.5957793113614899]],"numeroCentrosRadiales":3,"errorOptimo":0.0,"funcionActivacion":"Funcion de base radial","w":[[3.857832052762961,0.0,0.0,0.0],[-1.9166286972929085,0.0,0.0,0.0],[21.483646209648782,0.0,0.0,0.0],[-4.089977850319734,0.0,0.0,0.0]]}
