{"m":2,"n":1,"patrones":4,"d":[[1.0140274185148404,1.0908990886581458,1.0331793921592685],[1.6611796446159084,1.8313413302348267,0.7960941920869402],[0.3696264241617463,0.5869795559926436,0.7611745761671155],[1.366707686239074,1.5837598445927377,0.3816975788437104]],"x":[[1.0,1.0],[1.0,0.0],[0.0,1.0],[0.0,0.0]],"yd":[[0.0],[1.0],[1.0],[0.0]],"yr":[[2.7755575615628914E-17],[0.9999999999999996],[1.0000000000000002],[2.220446049250313E-16]],"r":[[0.054186043969363884,1.3656331030931819],[0.07724208875907385,1.5818751230955457],[0.25596353951029627,0.28315315314598133]],"numeroCentrosRadiales":3,"errorOptimo":0.0,"funcionActivacion":"Funcion de base radial","w":[[0.40355269109693515,0.0,0.0,0.0],[4.603757886443078,0.0,0.0,0.0],[-3.1718899295324747,0.0,0.0,0.0],[-4.049151490165465,0.0,0.0,0.0]]}
