{"m":4,"n":1,"patrones":10,"d":[[1.4820850452862093,1.9893991946739351,1.4095672676062343,1.300720977846785,0.9498788558462726,0.8239325277613082,1.35011621867663,1.1288181582865446,0.8762766034389464],[1.5078331996764334,1.2421036402007248,1.1126459078947366,1.0310934352715813,1.508567478018365,1.3244876153843272,1.1626291706155538,1.31998775428788,1.5110611090645378],[1.5225872465444705,1.5890475011343066,0.49398009506696333,1.4524950750123131,1.1908238045686248,1.1387863185263163,1.651193512144548,1.119512129352678,1.31535196883608],[1.466923691323998,1.724951781328397,1.7265122252505025,0.8032974489787837,1.3266440151718244,1.0659727831173178,0.6693880621520258,1.3278895655059648,1.1493544097191675],[1.177211544585303,1.425063901330445,1.0862353889308536,1.2197522396980218,0.8427660656450856,0.8304721160170073,1.4538794032856686,1.5334854431378255,1.545094370895263],[1.1580656524616872,1.0239905346309874,1.4744056097961304,0.6642343378458129,1.2521857464491013,1.0710355267335938,0.8596696418486897,1.6854191965258396,1.714780303239639],[1.777276302676963,2.0969068226952663,1.3943206757923732,1.2370869447199784,0.25359037863217243,1.0314865983277288,1.4533599136872057,1.368963522794769,1.1893462754203812],[1.7646529660994803,1.8479090116141177,1.7140871415930512,0.695554338726843,0.960220069745579,1.2334495395327085,0.8587907850756463,1.5372447399307818,1.4027471034590422],[2.022660613818357,2.211624529854015,1.0041111298550094,1.4670823172144416,0.8787006158295362,1.2927161120333668,1.6507361188157357,0.8807899466926365,0.8702751000718432],[2.0115777373491315,1.9771273487539192,1.414992488719018,1.0515427974212086,1.2766476704504663,1.458954457943909,1.1619794782098354,1.1246560335929427,1.1447854048735318]],"x":[[0.0,0.0,0.0,0.0],[1.0,1.0,1.0,1.0],[1.0,1.0,1.0,0.0],[0.0,0.0,0.0,1.0],[0.0,1.0,1.0,0.0],[0.0,1.0,1.0,1.0],[0.0,0.0,1.0,0.0],[0.0,0.0,1.0,1.0],[1.0,0.0,1.0,0.0],[1.0,0.0,1.0,1.0]],"yd":[[0.0],[1.0],[1.0],[0.0],[1.0],[1.0],[0.0],[0.0],[1.0],[1.0]],"yr":[[1.7763568394002505E-15],[1.0],[0.9999999999999964],[2.220446049250313E-15],[1.0],[1.000000000000007],[8.881784197001252E-15],[5.329070518200751E-15],[1.0000000000000044],[1.0000000000000044]],"r":[[0.033777548682521454,1.38644201767609,0.018932512701965137,0.5223554826467006],[0.25286758100698187,1.6831055500954046,0.2803454663516723,0.9911252539306462],[0.9679454929216982,0.8821114133881687,0.5213748674824028,0.0030177089837317554],[0.18902679165665756,0.5212942912741352,0.5807454767070429,1.0232941353374374],[0.1460966539378012,0.17702671936595596,0.9189808803245076,0.07114274889630186],[0.19642482810952255,0.6871403335239719,0.3074501038867148,0.2712834179781294],[0.19366265237502192,0.4992448597072953,0.35527938261039965,1.1873667130910186],[1.0491350982739232,0.26124176121352516,0.20008465386738145,0.25546986814890343],[0.8285829065256383,0.013613973942052292,0.17665806143908172,0.2234225632968003]],"numeroCentrosRadiales":9,"errorOptimo":0.0,"funcionActivacion":"Funcion de base radial","w":[[8.50952349394256,0.0,0.0,0.0,0.0,0.0,0.0,0.0,0.0,0.0],[10.825195903994103,0.0,0.0,0.0,0.0,0.0,0.0,0.0,0.0,0.0],[-8.115003717913638,0.0,0.0,0.0,0.0,0.0,0.0,0.0,0.0,0.0],[-7.530083132472402,0.0,0.0,0.0,0.0,0.0,0.0,0.0,0.0,0.0],[21.678680892697216,0.0,0.0,0.0,0.0,0.0,0.0,0.0,0.0,0.0],[4.961911659446614,0.0,0.0,0.0,0.0,0.0,0.0,0.0,0.0,0.0],[-13.856798228298585,0.0,0.0,0.0,0.0,0.0,0.0,0.0,0.0,0.0],[-13.692664054426924,0.0,0.0,0.0,0.0,0.0,0.0,0.0,0.0,0.0],[22.198729771785143,0.0,0.0,0.0,0.0,0.0,0.0,0.0,0.0,0.0],[-21.615020317061585,0.0,0.0,0.0,0.0,0.0,0.0,0.0,0.0,0.0]]}
