{"m":4,"n":1,"patrones":10,"d":[[0.3407783629091389,0.857376944256774,1.950870804988141,0.5893963307290436,1.4819254708858738,1.1013526982267405,0.76120170192191,0.3652932019113249,0.3196901745947271],[1.7728283362927273,1.5139007012375438,1.5500029836173432,1.5336291237903696,1.6441715059938058,1.099161864124693,1.311179822694733,1.7853082712498283,1.7693696805007526],[1.468485435896443,1.1648745198042358,2.256354932629885,1.502574650198479,1.4938302657964475,0.7686921684927666,1.0894715953019194,1.561723667424785,1.4618530399156844],[1.050047964213781,1.2923072045227717,1.0570092549143226,0.6645868977009671,1.6333628437590875,1.3528661868548864,1.0543586683291863,0.9390335102438879,1.0468316787798386],[1.1001239963195202,0.8072615308307235,2.1371585663949952,1.3622315801338645,1.124145996505623,0.8746792633408296,0.8801157860111718,1.2027725082680218,1.1066587565583466],[1.4821415727927292,1.2596165549394547,1.370699969043177,1.3964106086079913,1.3173743961274162,1.1757265699823298,1.1431745130373339,1.4815554382619907,1.4894120851637649],[0.90726228279957,0.3327722259718255,2.1783429986932807,0.9425752150828893,1.78322214163317,0.763185115876812,0.9627555868724386,0.6690340690743304,0.7575040408693057],[1.3452121335734226,1.0225947587860116,1.4340676020242176,0.9913302910773436,1.910929691151206,1.0953176136353608,1.207949705296614,1.0935956270854807,1.2519852746330267],[1.330150938033959,0.9033265312766086,2.295401721713159,1.1360034056258947,2.0365917234341926,0.6389642848231493,1.1572566181438497,1.1999690380720358,1.2190705798996166],[1.6600519125843909,1.323239021653536,1.6063127750420183,1.1767716207967316,2.149296844568732,1.01269171563883,1.368023044655982,1.4792804001709268,1.5747342108246065]],"x":[[0.0,0.0,0.0,0.0],[1.0,1.0,1.0,1.0],[1.0,1.0,1.0,0.0],[0.0,0.0,0.0,1.0],[0.0,1.0,1.0,0.0],[0.0,1.0,1.0,1.0],[0.0,0.0,1.0,0.0],[0.0,0.0,1.0,1.0],[1.0,0.0,1.0,0.0],[1.0,0.0,1.0,1.0]],"yd":[[0.0],[1.0],[1.0],[0.0],[1.0],[1.0],[0.0],[0.0],[1.0],[1.0]],"yr":[[-1.2434497875801753E-14],[1.0],[0.9999999999999858],[-1.7763568394002505E-14],[0.9999999999999858],[1.0],[-2.8421709430404007E-14],[-2.8421709430404007E-14],[1.000000000000007],[1.0000000000000284]],"r":[[0.02691166591903289,0.3064260212563276,0.14650252141817285,0.006764582738763594],[0.14736926613500698,0.22953308760954022,0.8121789350824198,0.03251865684081132],[0.23815457795614997,0.5888657410202621,0.030359338899520638,1.8443141663902727],[0.29897214924746196,0.016386579087274877,0.2294699992941526,0.45285614504053223],[0.01608767922506734,1.4580884924755846,0.008110947424764573,0.264114460943773],[0.5870880819081722,0.4086938536887234,0.8152631223977095,0.19136542317802085],[0.29382771990817685,0.5761472616340154,0.32626485547735934,0.23387791476395864],[0.003840446625314338,4.7243946840349525E-4,0.342916268890236,0.12582759500083496],[0.04383964657826946,0.17455938423303033,0.2641947178995402,0.0031726220176957727]],"numeroCentrosRadiales":9,"errorOptimo":0.0,"funcionActivacion":"Funcion de base radial","w":[[-8.778795283904437,0.0,0.0,0.0,0.0,0.0,0.0,0.0,0.0,0.0],[157.31350347759218,0.0,0.0,0.0,0.0,0.0,0.0,0.0,0.0,0.0],[31.587031682941596,0.0,0.0,0.0,0.0,0.0,0.0,0.0,0.0,0.0],[-5.7652026020549965,0.0,0.0,0.0,0.0,0.0,0.0,0.0,0.0,0.0],[30.647402963528595,0.0,0.0,0.0,0.0,0.0,0.0,0.0,0.0,0.0],[9.379164517928341,0.0,0.0,0.0,0.0,0.0,0.0,0.0,0.0,0.0],[-8.44003874929841,0.0,0.0,0.0,0.0,0.0,0.0,0.0,0.0,0.0],[-177.58147668746446,0.0,0.0,0.0,0.0,0.0,0.0,0.0,0.0,0.0],[-25.39681160242435,0.0,0.0,0.0,0.0,0.0,0.0,0.0,0.0,0.0],[-117.61206044554145,0.0,0.0,0.0,0.0,0.0,0.0,0.0,0.0,0.0]]}
