{"m":2,"n":1,"patrones":4,"x":[[1.0,1.0],[1.0,0.0],[0.0,1.0],[0.0,0.0]],"yd":[[1.0],[0.0],[0.0],[0.0]],"epoch":1000,"lr":1.0,"goal":0.0,"numeroCapasOcultas":[10,20],"funcionesActivacion":["Seno","Coseno","Sigmoidal"],"algoritmo":"reglaDelta","lrD":1.0,"Pesos":[[[39.15956635523766,38.70583988979489,38.43114992069591,39.61278410365402,39.61198301604742,39.10162020732941,38.45691695401996,39.500548567534395,39.15263277508103,38.11150683110394],[41.674798254602116,41.27092532222173,40.02396879389754,40.55291537775889,40.583326155985326,40.341581167175924,40.92469501697373,41.06949522202678,40.36050070336585,40.9737790601653]],[[60.81397380278457,60.826734319794866,60.45211356859962,60.189289111068845,60.54330437139471,60.73964760286029,61.34339648653141,60.45476847307773,60.09778244920499,61.26565464381208,60.28438309722571,60.987278546286525,61.40025388207316,60.54084669136645,60.76990669168405,59.8429553402328,61.379066986049054,61.24160985512342,61.45027592101858,61.4154288595744],[62.02593591371887,62.338807814618185,62.749206161022194,61.457131317482435,62.13308393319207,61.46940161622392,62.48546970195554,62.82856840143373,61.67344726509201,61.593653848402866,63.16209535830397,62.138353171205026,62.01030990496372,61.525262993640254,62.63935130328757,61.42324004336048,62.28165310399583,62.28399766151143,62.83749403536395,61.36417061498056],[-41.591531924988836,-41.97522756608491,-40.8610539511709,-40.62494832139427,-40.94300308520272,-40.87037814722626,-41.76700893486094,-41.36143306181334,-42.126391314772114,-41.070665369809866,-41.82570131659181,-41.58277193901154,-41.301841229456365,-41.7473206931344,-42.111059970451365,-40.75323969882081,-41.92478887801171,-40.596488599714384,-42.211165049466175,-41.08839440507531],[-26.23320634469987,-25.578593112020496,-26.749201007656573,-26.459760551209566,-25.235550695387236,-26.656354278870214,-24.873205088020907,-26.537949923416978,-25.12038294649998,-25.68388834002817,-25.128152700221804,-26.666620495983157,-26.105842833607674,-25.754500555411603,-25.24971868059153,-25.761939547496347,-26.745247533577245,-25.066487747968857,-26.728979094367737,-26.454539626649122],[-5.872224499493383,-6.170384188075451,-7.218061657211527,-6.117462808744555,-7.070611025114921,-7.462448104710252,-6.753184998798731,-7.399045088389174,-5.5874664513048975,-6.919210699113091,-6.5694720089164065,-6.91936909968618,-5.857478644138778,-7.447186481305442,-7.352675546823404,-6.928959235511389,-5.84166739624699,-7.105079286240216,-6.5698358947606845,-7.544810095150608],[-43.68183470433915,-43.919637324628496,-42.88601033345623,-42.5239874571568,-43.390859628138934,-43.722810409858326,-43.94546236588477,-42.673680661149135,-42.05006375174605,-42.38362222408816,-42.950834782015846,-43.16682543600518,-42.57798840218884,-41.98504198985925,-42.54738617978163,-43.70358279029912,-42.93724968714005,-42.504903194119194,-42.26545545275513,-43.72005189128265],[-71.60804483082265,-70.245058397537,-70.3399526383029,-70.35927352141542,-70.50979232574186,-70.60655776379289,-70.89843289935484,-71.90424991142524,-70.35953466387278,-70.93410454991182,-70.28187156459786,-70.82101110571311,-70.66577304843875,-70.51303243850182,-69.96877044777409,-69.9982799859312,-70.81433897158792,-71.31469762296508,-70.79532513585175,-71.42314900425205],[-38.04423455768826,-37.670328734351536,-37.765843070735116,-39.494051526529,-38.28334321523786,-37.60344003530884,-38.076173166405965,-38.731298473511096,-38.86291095817251,-38.653870645550086,-38.86300634500943,-38.46485910283761,-38.984596626567146,-38.19680652533561,-38.41396925346689,-38.449239691168756,-38.73775576297562,-37.883966984599425,-38.202379610702245,-38.007463904927235],[-62.69443426774329,-62.238164934011685,-63.02951872014071,-62.94733123726826,-63.33466137854071,-62.69580508557899,-63.84234930716983,-62.82675989287941,-62.94250893266812,-62.615589432190504,-63.085780003214076,-63.80668119692804,-62.568810997806374,-63.239297209272955,-63.56959815306549,-62.725590191804386,-63.194082253372414,-62.39847805417862,-63.70951436227385,-63.273629812131816],[-76.02352351174119,-76.53455992116703,-75.09447153929996,-74.88338251451022,-75.02533034216859,-76.12030416898197,-75.43685031139461,-75.91130391334097,-75.55984539142318,-74.87128117427868,-74.95456912542315,-75.87346321235313,-76.7247414505343,-76.08373306446437,-76.4225190794664,-75.19120286834759,-76.82182881090485,-75.2638183583918,-75.16861253485058,-76.58950902460494]],[[-34.17510967878074],[-10.34249750345684],[-27.458586242472133],[29.118938469806594],[-11.286938710190558],[-42.04997201915679],[0.7988639946966464],[8.008669699772591],[0.9121044503227564],[25.573456589744602],[11.227022737147763],[-42.45862026107433],[-38.15257046692657],[-36.00810920018181],[-17.893775515752612],[38.293152955085624],[14.764778530143111],[-3.6019269021200038],[3.3178190651747728],[-2.4614562791664416]]],"Umbrales":[[77.94234351192581,77.94234351192581,77.94234351192581,77.94234351192581,77.94234351192581,77.94234351192581,77.94234351192581,77.94234351192581,77.94234351192581,77.94234351192581],[77.87255809307815,78.9025065042363,77.17097806297605,77.49464381747731,77.58182877601116,77.02663258995719,77.27206043300416,77.27913950965274,77.24502964554657,78.1742578979563,78.71709132409424,78.93069174769269,78.75835390835552,77.10153848872376,77.07098843584035,77.49244300272841,77.93898250317632,77.72878998878608,77.0715677728793,77.73688835045525],[-41.158205886551315]],"PesosAnteriores":[[[0.0,0.0,0.0,0.0,0.0,0.0,0.0,0.0,0.0,0.0],[0.0,0.0,0.0,0.0,0.0,0.0,0.0,0.0,0.0,0.0]],[[0.0,0.0,0.0,0.0,0.0,0.0,0.0,0.0,0.0,0.0,0.0,0.0,0.0,0.0,0.0,0.0,0.0,0.0,0.0,0.0],[0.0,0.0,0.0,0.0,0.0,0.0,0.0,0.0,0.0,0.0,0.0,0.0,0.0,0.0,0.0,0.0,0.0,0.0,0.0,0.0],[0.0,0.0,0.0,0.0,0.0,0.0,0.0,0.0,0.0,0.0,0.0,0.0,0.0,0.0,0.0,0.0,0.0,0.0,0.0,0.0],[0.0,0.0,0.0,0.0,0.0,0.0,0.0,0.0,0.0,0.0,0.0,0.0,0.0,0.0,0.0,0.0,0.0,0.0,0.0,0.0],[0.0,0.0,0.0,0.0,0.0,0.0,0.0,0.0,0.0,0.0,0.0,0.0,0.0,0.0,0.0,0.0,0.0,0.0,0.0,0.0],[0.0,0.0,0.0,0.0,0.0,0.0,0.0,0.0,0.0,0.0,0.0,0.0,0.0,0.0,0.0,0.0,0.0,0.0,0.0,0.0],[0.0,0.0,0.0,0.0,0.0,0.0,0.0,0.0,0.0,0.0,0.0,0.0,0.0,0.0,0.0,0.0,0.0,0.0,0.0,0.0],[0.0,0.0,0.0,0.0,0.0,0.0,0.0,0.0,0.0,0.0,0.0,0.0,0.0,0.0,0.0,0.0,0.0,0.0,0.0,0.0],[0.0,0.0,0.0,0.0,0.0,0.0,0.0,0.0,0.0,0.0,0.0,0.0,0.0,0.0,0.0,0.0,0.0,0.0,0.0,0.0],[0.0,0.0,0.0,0.0,0.0,0.0,0.0,0.0,0.0,0.0,0.0,0.0,0.0,0.0,0.0,0.0,0.0,0.0,0.0,0.0]],[[0.0],[0.0],[0.0],[0.0],[0.0],[0.0],[0.0],[0.0],[0.0],[0.0],[0.0],[0.0],[0.0],[0.0],[0.0],[0.0],[0.0],[0.0],[0.0],[0.0]]],"UmbralesAnteriores":[[0.0,0.0,0.0,0.0,0.0,0.0,0.0,0.0,0.0,0.0],[0.0,0.0,0.0,0.0,0.0,0.0,0.0,0.0,0.0,0.0,0.0,0.0,0.0,0.0,0.0,0.0,0.0,0.0,0.0,0.0],[0.0]]}
