{"m":2,"n":1,"patrones":4,"d":[[0.9107600408358921,1.0508740177102793,0.9808254300459103],[0.8036456370411487,0.42355971912943596,0.4320419520620595],[0.667044753853711,1.1227418647725442,1.6722412495647698],[0.511186034233757,0.5793236828262693,1.42163023352164]],"x":[[1.0,1.0],[1.0,0.0],[0.0,1.0],[0.0,0.0]],"yd":[[1.0],[1.0],[1.0],[0.0]],"yr":[[1.0000000000000002],[1.0],[1.0],[4.440892098500626E-16]],"r":[[0.307732425830181,0.4081812289759389],[0.5781065469071927,0.037533317285231155],[1.417186136260599,0.11232086205842505]],"numeroCentrosRadiales":3,"errorOptimo":0.0,"funcionActivacion":"Funcion de base radial","w":[[-0.7272791923291737,0.0,0.0,0.0],[-17.385660694272573,0.0,0.0,0.0],[6.36889860800658,0.0,0.0,0.0],[-1.6235644929863176,0.0,0.0,0.0]]}
